{
  "min": [
    0.509868860244751,
    -0.10209862142801285,
    0.12166552245616913,
    -3.141591535833042,
    -0.09764750906996732,
    -0.8337275101592234
  ],
  "max": [
    0.710554838180542,
    0.10045909881591797,
    0.4212992191314697,
    3.141590240109891,
    0.10863501843936053,
    0.7250768129851002
  ]
}