{
  "norm_stats": {
    "state": {
      "mean": [
        0.0011033875634893775,
        0.5494597554206848,
        -0.0018824819708243012,
        -1.9453189373016357,
        0.0019886763766407967,
        2.4911322593688965,
        0.7939181327819824,
        0.030248912051320076,
        0.030237862840294838,
        0.0022387076169252396,
        0.005101591348648071,
        -0.0008598616113886237,
        0.007683361880481243,
        -0.0007715733954682946,
        -0.00561981275677681,
        0.0041805156506598,
        -0.014001707546412945,
        0.0027080096770077944,
        0.0003583545912988484,
        0.00489056296646595,
        0.1730990707874298,
        -0.0034061274491250515,
        -0.00034832090022973716,
        0.09225314110517502,
        -0.00010432569251861423,
        0.9817853569984436,
        -0.005112858954817057,
        -0.0008795140311121941,
        0.4509534239768982
      ],
      "std": [
        0.08899563550949097,
        0.169649139046669,
        0.0647025927901268,
        0.20568101108074188,
        0.060593392699956894,
        0.14851170778274536,
        0.35516679286956787,
        0.010763009078800678,
        0.010780788958072662,
        0.07113579660654068,
        0.19925959408283234,
        0.03465641662478447,
        0.16753019392490387,
        0.03112044930458069,
        0.16193413734436035,
        0.1576945185661316,
        0.03449445590376854,
        0.035236090421676636,
        0.059054501354694366,
        0.058412082493305206,
        0.08740883320569992,
        0.04877312481403351,
        0.048032406717538834,
        0.06418938934803009,
        0.009999999776482582,
        0.020849622786045074,
        0.18888305127620697,
        0.009999999776482582,
        0.497522234916687
      ],
      "q01": [
        -0.21937692165374756,
        0.11088419705629349,
        -0.13777735829353333,
        -2.314931869506836,
        -0.1332390010356903,
        2.094813823699951,
        0.04426390677690506,
        0.0182955302298069,
        0.018268892541527748,
        -0.20947453379631042,
        -0.5658022165298462,
        -0.1123165637254715,
        -0.4500439763069153,
        -0.09371712803840637,
        -0.4866040349006653,
        -0.47909608483314514,
        -0.2222433090209961,
        -0.21645160019397736,
        -0.09797056764364243,
        -0.09739730507135391,
        0.022236891090869904,
        -0.09973883628845215,
        -0.09500729292631149,
        0.01900939643383026,
        -0.011868203058838844,
        0.924560546875,
        -0.37906414270401,
        -0.025423254817724228,
        0.0
      ],
      "q99": [
        0.20741546154022217,
        0.9130678176879883,
        0.1362232267856598,
        -1.4804527759552002,
        0.13428305089473724,
        2.7919225692749023,
        1.566957950592041,
        0.03999999910593033,
        0.03999999910593033,
        0.2145506739616394,
        0.4138093590736389,
        0.10580135136842728,
        0.4667679965496063,
        0.09432423859834671,
        0.33154135942459106,
        0.4837675094604492,
        0.00021737979841418564,
        0.02149525284767151,
        0.09837276488542557,
        0.09857892245054245,
        0.31587862968444824,
        0.09260010719299316,
        0.09705361723899841,
        0.28106606006622314,
        0.011258051730692387,
        0.9999839067459106,
        0.35700416564941406,
        0.024106565862894058,
        1.0
      ]
    }
  }
}