{
  "norm_stats": {
    "state": {
      "mean": [
        -0.0008996780379675329,
        0.5506990551948547,
        -0.0017393704038113356,
        -1.943074345588684,
        0.0019731386564671993,
        2.490318775177002,
        0.7881232500076294,
        0.030267542228102684,
        0.030254293233156204,
        0.0021331303287297487,
        0.005589204374700785,
        -0.0006092879339121282,
        0.007695302367210388,
        -0.000987934647127986,
        -0.00544096902012825,
        0.0030160530004650354,
        -0.013987823389470577,
        0.0027083102613687515,
        0.00048142822925001383,
        0.0049639008939266205,
        0.1725197583436966,
        -0.0028575758915394545,
        -0.0014970155898481607,
        0.0922563374042511,
        -0.0001377714506816119,
        0.9815099239349365,
        -0.0031172693707048893,
        -0.0007597364019602537,
        0.44992002844810486
      ],
      "std": [
        0.0905027985572815,
        0.17047499120235443,
        0.06522279232740402,
        0.20652273297309875,
        0.06095976009964943,
        0.1481499820947647,
        0.3595828711986542,
        0.010761353187263012,
        0.01077647227793932,
        0.07119281589984894,
        0.19917352497577667,
        0.034504957497119904,
        0.1671198159456253,
        0.031044844537973404,
        0.1612221598625183,
        0.1588318943977356,
        0.03459370136260986,
        0.035249948501586914,
        0.05803367495536804,
        0.05800730735063553,
        0.08792053163051605,
        0.048977408558130264,
        0.048137959092855453,
        0.06424035131931305,
        0.009999999776482582,
        0.02107660472393036,
        0.1902889460325241,
        0.009999999776482582,
        0.49753499031066895
      ],
      "q01": [
        -0.2226744294166565,
        0.10756900161504745,
        -0.13959901034832,
        -2.3153469562530518,
        -0.13105492293834686,
        2.0984528064727783,
        0.030176375061273575,
        0.018295234069228172,
        0.01826881244778633,
        -0.21121233701705933,
        -0.5645092129707336,
        -0.11161123216152191,
        -0.45140784978866577,
        -0.09261349588632584,
        -0.4866214692592621,
        -0.4835706353187561,
        -0.22296565771102905,
        -0.21610167622566223,
        -0.09797056764364243,
        -0.09686876833438873,
        0.021741092205047607,
        -0.09977933019399643,
        -0.09529022872447968,
        0.018987370654940605,
        -0.01158540602773428,
        0.9243438839912415,
        -0.37918761372566223,
        -0.024495350196957588,
        0.0
      ],
      "q99": [
        0.20755045115947723,
        0.9130131602287292,
        0.13434052467346191,
        -1.4811558723449707,
        0.13476654887199402,
        2.7918949127197266,
        1.572624683380127,
        0.03999999910593033,
        0.03999999910593033,
        0.21516995131969452,
        0.4138225317001343,
        0.10370763391256332,
        0.4592237174510956,
        0.09436234831809998,
        0.33174967765808105,
        0.4883553981781006,
        0.00022044451907277107,
        0.02171289175748825,
        0.09837276488542557,
        0.09857892245054245,
        0.3146299123764038,
        0.09275244921445847,
        0.09715185314416885,
        0.27966776490211487,
        0.010954266414046288,
        0.9999780654907227,
        0.3571135401725769,
        0.02532126009464264,
        1.0
      ]
    }
  }
}